COD_CIR,Origen,Destino,Nom_orig,Nom_Des,Km,Res,Reac,tension,proy
LNX-113,SICN206,SICN210,Piura 500 kV,Nueva Pariñas 500 kV,105.21,0.021705,0.347115,500,0
LNX-112,SICN105,SICN206,La Niña 500 kV,Piura 500 kV,79.13,0.021,0.3289,500,0
LNX-044,SICN100,SICN105,Trujillo 500 kV,La Niña 500 kV,327,0.0239,0.3172,500,0
LNX-041,SICN-99,SICN100,Chimbote 500 kV,Trujillo 500 kV,146.66,0.021,0.312528,500,0
LNX-040,SICN-82,SICN-99,Carabayllo 500 kV,Chimbote 500 kV,384.66,0.021,0.31282,500,0
LNX-079,SICN201,SICN-82,Carapongo 500 kV,Carabayllo 500 kV,27.33,0.030626,0.320002,500,0
LNX-077,SICN-81,SICN201,Chilca 500 kV,Carapongo 500 kV,63.3,0.037835,0.342961,500,0
LNX-107,SICN202,SICN-82,Planicie 500 kV,Carabayllo 500 kV,39.4,0.02783,0.35164,500,0
LNX-106,SICN-81,SICN202,Chilca 500 kV,Planicie 500 kV,49.6,0.027841,0.351642,500,0
LNX-178,SICN-81,SICN-82,Chilca 500 kV,Carabayllo 500 kV,89.8,0.018283,0.33085,500,0
LNX-206,SICN281,SICN-81,Fenix 500 kV,Chilca 500 kV,7.98,0.03,0.318,500,0
LNX-207,SICN381,SICN-81,Olleros 500 kV,Chilca 500 kV,1.948,0.035,0.313,500,0
LNX-42A,SICN-81,SICN207,Chilca 500 kV,Independencia 500 kV,173,0.0257,0.3515,500,0
LNX-42B,SICN207,SICN101,Independencia 500 kV,Poroma 500 kV,193.2,0.0257,0.3515,500,0
LNX-269,SICN-81,SICN207,Chilca 500 kV,Independencia 500 kV,174,0.0209,0.125287,500,0
LNX-270,SICN207,SICN301,Independencia 500 kV,Colectora 500 kV,110,0.0209,0.135636,500,0
LNXb42B,SICN301,SICN101,Colectora 500 kV,Poroma 500 kV,93.7,0.0214,0.3319,500,0
LNX-43A,SICN101,SIS-56,Poroma 500 kV,Ocoña 500 kV,271,0.0256,0.126712,500,0
LNX-43C,SIS-56,SIS-51,Ocoña 500 kV,San Jose 500 kV,138,0.0262,0.126915,500,0
LNX-252,SIS-51,SIS153,San Jose 500 kV,Hub San Jose 500 kV,4.38,0.018945,0.32799,500,0
LNX-253,SIS-51,SIS153,San Jose 500 kV,Hub San Jose 500 kV,4.38,0.018945,0.32799,500,0
LNX-43B,SIS-51,SIS-41,San Jose 500 kV,Montalvo 500 kV,117,0.0262,0.126915,500,0
LNX-244,SIS152,SIS-51,Puerto Bravo 500 kV,San Jose 500 kV,57.3,0.0263,0.3424,500,0
LNX-344,SIS155,SIS-41,Ilo 4 500 kV,Montalvo 500 kV,75,0.0244,0.3421,500,0
LNX-081,SIS-48,SIS-41,Yarabamba 500 kV,Montalvo 500 kV,97.7,0.024,0.334,500,0
LNX-069,SICN101,SIS-48,Poroma 500 kV,Yarabamba 500 kV,454.4,0.0222,0.153462,500,0
LNX-047,SICN103,SICN101,Colcabamba 500 kV,Poroma 500 kV,360.1,0.0222,0.3416,500,0
LNX-088,SICN103,SICN204,Colcabamba 500 kV,Yanango 500 kV,167.09,0.019,0.170148,500,0
LNX-089,SICN204,SICN201,Yanango 500 kV,Carapongo 500 kV,210.61,0.018,0.171043,500,0
LNX-115,SICN204,SICN211,Yanango 500 kV,Huanuco 500 kV,190.76,0.0191,0.3372,500,0
LNX-122,SICN211,SICN214,Huanuco 500 kV,Tocache 500 kV,188.948,0.021,0.16315,500,0
LNX-123,SICN214,SICN216,Tocache 500 kV,Celendin 500 kV,324.967,0.0206,0.1647,500,0
LNX-125,SICN216,SICN100,Celendin 500 kV,Trujillo 500 kV,172.5,0.0208,0.3266,500,0
LNX-130,SICN216,SICN206,Celendin 500 kV,Piura 500 kV,382.096,0.021,0.1635,500,0
LNX-147,SIS-51,SIS-48,San Jose 500 kV,Yarabamba 500 kV,50.86,0.0212,0.3292,500,0
TNE-073,SICN210,SICN230,Nueva Pariñas 500 kV,Nueva Pariñas 220 kV,1,0.415022,55.765121,500,0
TNE-043,SICN206,SICN306,Piura 500 kV,Piura Este 220 kV,1,0.536532,53.763987,500,0
TNE-033,SICN105,SICN-98,La Niña 500 kV,La Niña 220 kV,1,0.743819,66.704187,500,0
TNE-030,SICN100,SICN054,Trujillo 500 kV,Trujillo Nueva 220 kV,1,0.415022,55.765121,500,0
TNE-029,SICN-99,SICN-15,Chimbote 500 kV,Chimbote 220 kV,1,0.415022,55.765121,500,0
TNE-023,SICN-82,SICN158,Carabayllo 500 kV,Carabayllo 220 kV,1,0.501479,67.873151,500,0
TNE-b23,SICN-82,SICN158,Carabayllo 500 kV,Carabayllo 220 kV,1,0.501479,67.873151,500,0
TNE-038,SICN201,SICN046,Carapongo 500 kV,Carapongo 220 kV,1,0.469739,54.231301,500,0
TNE-040,SICN202,SICN-84,Planicie 500 kV,Planicie 220 kV,1,0.703285,67.32966,500,0
TNE-041,SICN202,SICN-84,Planicie 500 kV,Planicie 220 kV,1,0.501479,67.873151,500,1
TNE-022,SICN-81,SICN106,Chilca 500 kV,Chilca CTM 220 kV,1,0.495799,67.664849,500,0
TNE-025,SICN-81,SICN106,Chilca 500 kV,Chilca CTM 220 kV,1,0.698167,68.663115,500,0
TNEC025,SICN-81,SICN106,Chilca 500 kV,Chilca CTM 220 kV,1,0.317311,54.132403,500,1
TNE-425,SICN207,SICN-26,Independencia 500 kV,Independencia 220 kV,1,0.320947,54.299055,500,0
TNE-325,SICN301,SICN302,Colectora 500 kV,Colectora 220 kV,1,0.469739,54.231301,500,0
TNE-326,SICN301,SICN302,Colectora 500 kV,Colectora 220 kV,1,0.469739,54.231299,500,0
TNE-031,SICN101,SICN029,Poroma 500 kV,Poroma 220 kV,1,1.003704,81.104903,500,0
TSE-042,SICN101,SICN029,Poroma 500 kV,Poroma 220 kV,1,0.155556,48.599751,500,0
TSE-110,SICN101,SICN029,Poroma 500 kV,Poroma 220 kV,1,0.057398,53.366637,500,0
TNE-036,SIS-51,SIS-52,San Jose 500 kV,San Jose 220 kV,1,0.74397,70.537745,500,0
TNE-B36,SIS-51,SIS-52,San Jose 500 kV,San Jose 220 kV,1,0.747648,69.954342,500,0
TNE-610,SIS153,SIS154,Hub San Jose 500 kV,Hub San Jose 220 kV,1,0.478495,55.764612,500,0
TNE-032,SIS-41,SIS-35,Montalvo 500 kV,Montalvo 220 kV,1,0.686667,56.329147,500,0
TNE-132,SIS-41,SIS-35,Montalvo 500 kV,Montalvo 220 kV,1,0.602667,56.663462,500,0
TNE-037,SIS-48,SIS148,Yarabamba 500 kV,Yarabamba 220 kV,1,0.465778,53.997994,500,0
TNE-024,SICN103,SICN-04,Colcabamba 500 kV,Colcabamba 220 kV,1,0.461333,53.998032,500,0
TNE-087,SICN204,SICN185,Yanango 500 kV,Yanango Nueva 220 kV,1,0.160267,53.733097,500,0
TNE-045,SICN211,SICN212,Huanuco 500 kV,Huanuco 220 kV,1,0.160267,53.733097,500,0
TNE-047,SICN216,SICN217,Celendin 500 kV,Celendin 220 kV,1,0.415022,55.765121,500,0
LNE-a93,SICN-65,SICN165,Zorritos 220 kV,Tumbes 220 kV,42.95,0.054692,0.485358,220,0
LNE-b93,SICN165,SICN-73,Tumbes 220 kV,Machala 220 kV,23.68,0.054595,0.484958,220,0
LNE-091,SICN-51,SICN-65,Talara 220 kV,Zorritos 220 kV,137,0.0648,0.4999,220,0
LNE-a91,SICN-51,SICN051,Talara 220 kV,Pariñas 220 kV,14.6,0.0648,0.4999,220,1
LNE-b91,SICN051,SICN-65,Pariñas 220 kV,Zorritos 220 kV,129.6,0.0648,0.4999,220,1
LNE-142,SICN051,SICN165,Pariñas 220 kV,Tumbes 220 kV,161.93,0.066991,0.503928,220,0
LNE-243,SICN230,SICN051,Nueva Pariñas 220 kV,Pariñas 220 kV,4.25,0.025585,0.352939,220,0
LNE-244,SICN230,SICN051,Nueva Pariñas 220 kV,Pariñas 220 kV,4.25,0.025585,0.352939,220,0
LNE-242,SICN052,SICN051,La Brea 220 kV,Pariñas 220 kV,14.1,0.0618,0.4938,220,0
LNE-342,SICN052,SICN051,La Brea 220 kV,Pariñas 220 kV,14.1,0.0618,0.4938,220,0
LNE-442,SICN053,SICN051,Campana 220 kV,Pariñas 220 kV,1.34,0.062,0.494,220,0
LNE-001,SICN-51,SICN-42,Talara 220 kV,Piura Oeste 220 kV,103.71,0.0582,0.5089,220,0
LNE-128,SICN-51,SICN051,Talara 220 kV,Pariñas 220 kV,11.77,0.0582,0.5089,220,1
LNE-129,SICN051,SICN-42,Pariñas 220 kV,Piura Oeste 220 kV,93.48,0.0582,0.5089,220,1
LNE-130,SICN-51,SICN051,Talara 220 kV,Pariñas 220 kV,11,0.0711,0.4999,220,0
LNEb131,SICN051,SICN142,Pariñas 220 kV,Chira 220 kV,62.62,0.0711,0.4999,220,0
LNEa131,SICN142,SICN-42,Chira 220 kV,Piura Oeste 220 kV,32.99,0.0711,0.4999,220,0
LNEa106,SICN-42,SICN306,Piura Oeste 220 kV,Piura Este 220 kV,22.8,0.056921,0.43394,220,0
LNEb106,SICN306,SICN-98,Piura Este 220 kV,La Niña 220 kV,85.81,0.078753,0.497065,220,0
LNE-206,SICN306,SICN253,Piura Este 220 kV,Colan 220 kV,74,0.062104,0.483567,220,0
LNE-207,SICN306,SICN253,Piura Este 220 kV,Colan 220 kV,74,0.062104,0.483567,220,0
LNE-536,SICN306,SICN600,Piura Este 220 kV,Huangala 220 kV,38.02,0.0706,0.497,220,0
LNE-537,SICN306,SICN600,Piura Este 220 kV,Huangala 220 kV,38.02,0.0706,0.497,220,0
LNE-538,SICN306,SICN601,Piura Este 220 kV,Cruz Verde 220 kV,54.47,0.0706,0.497,220,0
LNE-539,SICN306,SICN601,Piura Este 220 kV,Cruz Verde 220 kV,54.47,0.0706,0.497,220,0
LNEc107,SICN-98,SICN123,La Niña 220 kV,Felam 220 kV,56,0.078073,0.506733,220,0
LNEd107,SICN123,SICN-67,Felam 220 kV,Lambayeque Oeste 220 kV,49.7,0.078073,0.506733,220,0
LNEb107,SICN-67,SICN-14,Lambayeque Oeste 220 kV,Chiclayo 220 kV,16.6,0.078073,0.506733,220,0
LNEe110,SICN-42,SICN306,Piura Oeste 220 kV,Piura Este 220 kV,22.8,0.056921,0.43394,220,0
LNEf110,SICN306,SICN-98,Piura Este 220 kV,La Niña 220 kV,85.81,0.078753,0.497065,220,0
LNEd110,SICN-98,SICN123,La Niña 220 kV,Felam 220 kV,55.69,0.0783,0.5058,220,0
LNEg110,SICN123,SICN-67,Felam 220 kV,Lambayeque Oeste 220 kV,50.8,0.078327,0.506117,220,0
LNEh110,SICN-67,SICN-14,Lambayeque Oeste 220 kV,Chiclayo 220 kV,16.6,0.078327,0.506117,220,0
LNE-210,SICN123,SICN323,Felam 220 kV,Tierras Nuevas 220 kV,28.1502,0.0862,0.4906,220,0
LNE-540,SICN123,SICN323,Felam 220 kV,Tierras Nuevas 220 kV,28.1,0.063243,0.509635,220,0
LNE-310,SICN-67,SICN-167,Lambayeque Oeste 220 kV,Lambayeque Norte 220 kV,9.9,0.07078,0.49403,220,0
LNE-410,SICN-67,SICN-167,Lambayeque Oeste 220 kV,Lambayeque Norte 220 kV,9.9,0.07078,0.49403,220,0
LN-004A,SICN-14,SICN108,Chiclayo 220 kV,Reque 220 kV,13.772,0.0786,0.4425,220,0
LN-111A,SICN-14,SICN108,Chiclayo 220 kV,Reque 220 kV,13.772,0.0786,0.4425,220,0
LN-004B,SICN108,SICN-17,Reque 220 kV,Guadalupe 220 kV,72.559,0.0786,0.4425,220,0
LN-111B,SICN108,SICN-17,Reque 220 kV,Guadalupe 220 kV,72.559,0.0786,0.4425,220,0
LNX-144,SICN108,SICN-108,Reque 220 kV,Nueva Carhuaquero 220 kV,86.08,0.080161,0.488679,220,0
LNX-444,SICN108,SICN208,Reque 220 kV,Eten 220 kV,2.52,0.0527,0.5088,220,0
LNX-544,SICN108,SICN308,Reque 220 kV,Recka 220 kV,1.631,0.0548,0.5159,220,0
LNE-A03,SICN-14,SICN-108,Chiclayo 220 kV,Nueva Carhuaquero 220 kV,81.498,0.09,0.49,220,0
LNE-B03,SICN-108,SICN-11,Nueva Carhuaquero 220 kV,Carhuaquero 220 kV,1.592,0.09,0.49,220,0
LNE-005,SICN-54,SICN-17,Trujillo 220 kV,Guadalupe 220 kV,103.35,0.0931,0.5325,220,0
LNE-112,SICN-54,SICN-17,Trujillo 220 kV,Guadalupe 220 kV,103.35,0.078,0.4982,220,0
LNE-212,SICN-218,SICN-17,Cupisnique 220 kV,Guadalupe 220 kV,27.87,0.0615,0.4944,220,0
LNE-121,SICN-54,SICN054,Trujillo 220 kV,Trujillo Nueva 220 kV,4,0.03,0.279,220,0
LNE-122,SICN-54,SICN054,Trujillo 220 kV,Trujillo Nueva 220 kV,4,0.03,0.279,220,0
LNX-022,SICN-54,SICN-78,Trujillo 220 kV,Cajamarca 220 kV,137,0.0564,0.5015,220,0
LNE-320,SICN-108,SICN-78,Nueva Carhuaquero 220 kV,Cajamarca 220 kV,97.66,0.042194,0.382466,220,0
LNEa115,SICN-78,SICN217,Cajamarca 220 kV,Celendin 220 kV,59.72,0.0428,0.3681,220,0
LNEb115,SICN217,SICN109,Celendin 220 kV,Caclic 220 kV,108.56,0.0428,0.3681,220,0
LNE-116,SICN109,SICN110,Caclic 220 kV,Moyobamba 220 kV,110.17,0.054,0.49,220,0
LNE-147,SICN-78,SICN109,Cajamarca 220 kV,Caclic 220 kV,159.33,0.054,0.49,220,1
LNEa147,SICN-78,SICN217,Cajamarca 220 kV,Celendin 220 kV,59.72,0.0428,0.3681,220,1
LNEb147,SICN217,SICN109,Celendin 220 kV,Caclic 220 kV,108.56,0.0428,0.3681,220,1
LNE-148,SICN109,SICN110,Caclic 220 kV,Moyobamba 220 kV,110.1,0.054,0.49,220,1
LNE-124,SICN110,SICN11X,Moyobamba 220 kV,Intermedia 220 kV,387.1,0.042227,0.118232,220,1
LNE-224,SICN11X,SICN112,Intermedia 220 kV,Iquitos 220 kV,200.7,0.042227,0.14504,220,1
LNX-153,SICN109,SICN-101,Caclic 220 kV,Bagua 220 kV,141.5,0.0646,0.4952,220,0
LNX-154,SICN109,SICN-101,Caclic 220 kV,Bagua 220 kV,141.5,0.0646,0.4952,220,0
LNX-149,SICN110,SICN143,Moyobamba 220 kV,Tarapoto 220 kV,87,0.0554,0.4944,220,0
LNX-049,SICN110,SICN143,Moyobamba 220 kV,Tarapoto 220 kV,87,0.0554,0.4944,220,0
LNX-021,SICN-78,SICN-77,Cajamarca 220 kV,Cerro Corona 220 kV,33.7,0.0693,0.4957,220,0
LNX-221,SICN-78,SICN277,Cajamarca 220 kV,La Quinua 220 kV,10.9,0.0693,0.4957,220,0
LNE-548,SICN-15,SICN131,Chimbote 220 kV,Moche 220 kV,110.01,0.0577,0.4829,220,0
LNE-549,SICN131,SICN-54,Moche 220 kV,Trujillo 220 kV,23.12,0.0577,0.4829,220,0
LNEa007,SICN-15,SICN154,Chimbote 220 kV,Viru 220 kV,76.3,0.067,0.48,220,0
LNE-546,SICN131,SICN-54,Moche 220 kV,Trujillo 220 kV,23.12,0.067,0.48,220,0
LNE-547,SICN154,SICN131,Viru 220 kV,Moche 220 kV,37.165,0.067,0.48,220,0
LNE-008,SICN-41,SICN-15,Paramonga 220 kV,Chimbote 220 kV,221.17,0.09,0.48,220,0
LNXa002,SICN-41,SICN041,Paramonga 220 kV,Huarmey 220 kV,84.36,0.09,0.48,220,0
LNXb002,SICN041,SICN-15,Huarmey 220 kV,Chimbote 220 kV,136.81,0.08998,0.48,220,0
LNX-033,SICN-80,SICN-41,Conococha 220 kV,Paramonga 220 kV,92.46,0.0575,0.505,220,0
LNX-c23,SICN-78,SICN11Y,Cajamarca 220 kV,Pampa Honda 220 kV,87.85,0.0452,0.3917,220,0
LNX-c24,SICN-78,SICN11Y,Cajamarca 220 kV,Pampa Honda 220 kV,87.85,0.0452,0.3917,220,0
LNX-d23,SICN11Y,SICN113,Pampa Honda 220 kV,La Ramada 220 kV,35.48,0.0452,0.3917,220,0
LNX-d24,SICN11Y,SICN113,Pampa Honda 220 kV,La Ramada 220 kV,35.48,0.0452,0.3917,220,0
LNX-b23,SICN113,SICN-79,La Ramada 220 kV,Kiman Ayllu 220 kV,104.39,0.0452,0.3917,220,0
LNX-b24,SICN113,SICN-79,La Ramada 220 kV,Kiman Ayllu 220 kV,104.39,0.0452,0.3917,220,0
LNXA025,SICN-80,SICN163,Conococha 220 kV,Huaylas 220 kV,66.85,0.0566,0.4986,220,0
LNXA026,SICN-80,SICN163,Conococha 220 kV,Huaylas 220 kV,66.85,0.0566,0.4986,220,0
LNXB025,SICN163,SICN-79,Huaylas 220 kV,Kiman Ayllu 220 kV,109.76,0.0566,0.4986,220,0
LNXB026,SICN163,SICN-79,Huaylas 220 kV,Kiman Ayllu 220 kV,109.76,0.0566,0.4986,220,0
LNX-226,SICN279,SICN-79,Quitaracsa 220 kV,Kiman Ayllu 220 kV,5.45,0.0634,0.5264,220,0
LNE-409,SICN320,SICN-20,Cheves 220 kV,Huacho 220 kV,75.93,0.0706,0.5228,220,0
LNEa009,SICN-20,SICN141,Huacho 220 kV,Medio Mundo 220 kV,32.58,0.073649,0.49541,220,0
LNEb009,SICN141,SICN-41,Medio Mundo 220 kV,Paramonga 220 kV,26.95,0.073388,0.495245,220,0
LNXa01A,SICN-20,SICN141,Huacho 220 kV,Medio Mundo 220 kV,32.68,0.073653,0.495412,220,0
LNXb01A,SICN141,SICN-41,Medio Mundo 220 kV,Paramonga 220 kV,26.95,0.073388,0.495245,220,0
LNX-074,SICN134,SICN-20,TPCH 220 kV,Huacho 220 kV,77.453,0.075759,0.496356,220,0
LNX-073,SICN-58,SICN134,Zapallal 220 kV,TPCH 220 kV,44.563,0.076393,0.496472,220,0
LNX-083,SICN114,SICN-20,Lomera 220 kV,Huacho 220 kV,48.29,0.0749,0.4962,220,0
LNX-082,SICN-58,SICN114,Zapallal 220 kV,Lomera 220 kV,58.6,0.0749,0.4962,220,0
LNX-186,SICN158,SICN-58,Carabayllo 220 kV,Zapallal 220 kV,10.2,0.0312,0.2813,220,0
LNX-187,SICN158,SICN-58,Carabayllo 220 kV,Zapallal 220 kV,10.2,0.0312,0.2813,220,0
LNX-086,SICN158,SICN-68,Carabayllo 220 kV,Mirador 220 kV,13.52,0.0575,0.5003,220,0
LNX-087,SICN158,SICN-68,Carabayllo 220 kV,Mirador 220 kV,13.52,0.0575,0.5003,220,0
LNX-184,SICN-68,SICN068,Mirador 220 kV,Malvinas 220 kV,19.5,0.050046,0.447138,220,0
LNX-185,SICN-68,SICN068,Mirador 220 kV,Malvinas 220 kV,19.5,0.050046,0.447138,220,0
LNX-188,SICN068,SICN013,Malvinas 220 kV,Barsi 220 kV,5.93,0.0368,0.3785,220,0
LNE-046,SICN-58,SICN-55,Zapallal 220 kV,Ventanilla 220 kV,18.02,0.0882,0.495,220,0
LNE-047,SICN-58,SICN-55,Zapallal 220 kV,Ventanilla 220 kV,18.02,0.0882,0.495,220,0
LNE-021,SICN-55,SICN055,Ventanilla 220 kV,Chillon 220 kV,1.2606,0.073302,0.497712,220,0
LNE-022,SICN-55,SICN055,Ventanilla 220 kV,Chillon 220 kV,1.2606,0.073302,0.497712,220,0
LNE-012,SICN-55,SICN-13,Ventanilla 220 kV,Chavarria 220 kV,10.58,0.0871,0.4996,220,0
LNE-013,SICN-55,SICN-13,Ventanilla 220 kV,Chavarria 220 kV,10.58,0.0871,0.4996,220,0
LNE-014,SICN-55,SICN-13,Ventanilla 220 kV,Chavarria 220 kV,11.07,0.0871,0.4969,220,0
LNE-14B,SICN-55,SICN-13,Ventanilla 220 kV,Chavarria 220 kV,10.58,0.0871,0.4996,220,0
LNE-135,SICN-13,SICN013,Chavarria 220 kV,Barsi 220 kV,9.56,0.067202,0.485377,220,0
LNE-136,SICN-13,SICN013,Chavarria 220 kV,Barsi 220 kV,9.09,0.066886,0.484491,220,0
LNE-915,SICN-13,SICN610,Chavarria 220 kV,San Martín 220 kV,13,0.01832,0.219401,220,0
LNE-916,SICN-13,SICN610,Chavarria 220 kV,San Martín 220 kV,13,0.01832,0.219401,220,0
LNX-a17,SICN-49,SICN-76,Santa Rosa 220 kV,Industriales 220 kV,6.37,0.0725,0.4924,220,0
LNX-a18,SICN-49,SICN-76,Santa Rosa 220 kV,Industriales 220 kV,6.94,0.073053,0.490919,220,0
LNX-b18,SICN-76,SICN-48,Industriales 220 kV,San Juan 220 kV,20,0.0725,0.4924,220,1
LNX-030,SICN-84,SICN-76,Planicie 220 kV,Industriales 220 kV,17.194,0.040919,0.323501,220,0
LNX-031,SICN-84,SICN-76,Planicie 220 kV,Industriales 220 kV,17.194,0.040919,0.323501,220,0
LNX-039,SICN-84,SICN-76,Planicie 220 kV,Industriales 220 kV,17.06,0.040286,0.320325,220,0
LNE-157,SICN-84,SICN184,Planicie 220 kV,Manchay 220 kV,3.778,0.026937,0.268268,220,0
LNE-158,SICN-84,SICN184,Planicie 220 kV,Manchay 220 kV,3.778,0.026937,0.268268,220,0
LNE-163,SICN184,SICN148,Manchay 220 kV,Pachacutec 220 kV,17.598,0.0157,0.2166,220,0
LNE-164,SICN184,SICN148,Manchay 220 kV,Pachacutec 220 kV,17.598,0.0157,0.2166,220,0
LNX-011,SICN-76,SICN176,Industriales 220 kV,San Luis 220 kV,5.13,0.026937,0.268268,220,0
LNX-012,SICN-76,SICN176,Industriales 220 kV,San Luis 220 kV,5.13,0.0269,0.2683,220,0
LNX-016,SICN-76,SICN177,Industriales 220 kV,Los Sauces 220 kV,3.011,0.026937,0.268268,220,0
LNX-017,SICN-76,SICN177,Industriales 220 kV,Los Sauces 220 kV,3.011,0.026937,0.268268,220,0
LNE-019,SICN-48,SICN-02,San Juan 220 kV,Balnearios 220 kV,9.76,0.0828,0.488082,220,0
LNE-020,SICN-48,SICN-02,San Juan 220 kV,Balnearios 220 kV,9.76,0.0828,0.488082,220,0
LNE-123,SICN-48,SICN-02,San Juan 220 kV,Balnearios 220 kV,8.7,0.01976,0.250554,220,0
LNX-003,SICN-48,SICN-69,San Juan 220 kV,Chilca REP 220 kV,48.2,0.059,0.3432,220,0
LNX-008,SICN-48,SICN-69,San Juan 220 kV,Chilca REP 220 kV,48.2,0.059,0.3432,220,0
LNX-009,SICN-48,SICN-69,San Juan 220 kV,Chilca REP 220 kV,48.92,0.0364,0.358,220,0
LNX-101,SICN-48,SICN117,San Juan 220 kV,Alto Praderas 220 kV,18.72,0.0364,0.358,220,0
LNX-102,SICN117,SICN-69,Alto Praderas 220 kV,Chilca REP 220 kV,30.2,0.0364,0.358,220,0
LNE-118,SICN106,SICN-69,Chilca CTM 220 kV,Chilca REP 220 kV,1,0.039,13.006192,220,0
LNX-330,SICN286,SICN106,Las Flores 220 kV,Chilca CTM 220 kV,3.2,0.022,0.3366,220,0
LNX-331,SICN386,SICN106,Chilca Uno 220 kV,Chilca CTM 220 kV,1.039,0.027,0.367,220,0
LNX-332,SICN386,SICN106,Chilca Uno 220 kV,Chilca CTM 220 kV,1.039,0.027,0.367,220,0
LNX-333,SICN-86,SICN-69,Platanal 220 kV,Chilca REP 220 kV,108,0.0529,0.499,220,0
LNX-334,SICN186,SICN-69,Kallpa 220 kV,Chilca REP 220 kV,1,0.017,0.1883,220,0
LNX-335,SICN186,SICN-69,Kallpa 220 kV,Chilca REP 220 kV,1,0.017,0.1883,220,0
LNX-336,SICN186,SICN-69,Kallpa 220 kV,Chilca REP 220 kV,1,0.017,0.1883,220,0
LNX-337,SICN186,SICN-69,Kallpa 220 kV,Chilca REP 220 kV,1,0.017,0.1883,220,0
LNX-001,SICN-69,SICN172,Chilca REP 220 kV,Asia 220 kV,28.9,0.083,0.49,220,0
LNX-004,SICN172,SICN-72,Asia 220 kV,Cantera 220 kV,55.11,0.083,0.49,220,0
LNX-007,SICN-72,SICN-26,Cantera 220 kV,Independencia 220 kV,82.21,0.083,0.49,220,0
LNX-013,SICN-69,SICN-75,Chilca REP 220 kV,Desierto 220 kV,106.24,0.0824,0.4866,220,0
LNX-084,SICN-75,SICN115,Desierto 220 kV,Chincha 220 kV,24.4,0.0824,0.4866,220,0
LNX-098,SICN115,SICN-26,Chincha 220 kV,Independencia 220 kV,31.71,0.0824,0.4866,220,0
LNX-143,SICN-69,SICN-26,Chilca REP 220 kV,Independencia 220 kV,165.38,0.078353,0.488723,220,0
LNX-163,SICN-26,SILS-20,Independencia 220 kV,El Angel 220 kV,21.6,0.0588,0.4786,220,0
LNX-164,SICN-26,SILS-20,Independencia 220 kV,El Angel 220 kV,23.1,0.053668,0.506829,220,0
LNX-103,SICN-26,SICN-83,Independencia 220 kV,Aceros 220 kV,24.6,0.083,0.49,220,0
LNX-114,SICN-26,SICN-83,Independencia 220 kV,Aceros 220 kV,24.6,0.083,0.49,220,0
LNE-23A,SICN-26,SICN-25,Independencia 220 kV,Ica 220 kV,55.39,0.083,0.4899,220,0
LNE-23C,SICN-26,SICN616,Independencia 220 kV,Viñedos 220 kV,26.13,0.08299,0.4899,220,0
LNE-23D,SICN616,SICN-25,Viñedos 220 kV,Ica 220 kV,31.13,0.08299,0.4899,220,0
LNX-A99,SICN-25,SICN135,Ica 220 kV,Mayorazgo 220 kV,27.02,0.08297,0.49,220,0
LNX-B99,SICN135,SICN129,Mayorazgo 220 kV,Intermedia 220 kV,20.62,0.08297,0.49,220,0
LNXA100,SICN130,SICN116,Derivacion 220 kV,Nazca 220 kV,73.5,0.083,0.49,220,0
LNXC100,SICN116,SICN029,Nazca 220 kV,Poroma 220 kV,18.5,0.08296,0.490919,220,0
LNXD100,SICN-29,SICN029,Marcona 220 kV,Poroma 220 kV,25.5,0.082963,0.490667,220,0
LNEC154,SICN-25,SICN135,Ica 220 kV,Mayorazgo 220 kV,37.74,0.082792,0.490577,220,0
LNED154,SICN135,SICN129,Mayorazgo 220 kV,Intermedia 220 kV,23.32,0.083,0.4952,220,0
LNEB154,SICN130,SICN029,Derivacion 220 kV,Poroma 220 kV,90,0.083,0.4952,220,0
LNX-189,SICN135,SICN136,Mayorazgo 220 kV,Totoral 220 kV,30.3,0.0742,0.495,220,0
LNX-190,SICN135,SICN136,Mayorazgo 220 kV,Totoral 220 kV,30.3,0.0742,0.495,220,0
LNE-126,SICN029,SICN-29,Poroma 220 kV,Marcona 220 kV,27,0.0708,0.5027,220,0
LNE-127,SICN029,SICN-29,Poroma 220 kV,Marcona 220 kV,27,0.0708,0.5027,220,0
LNE-228,SICN229,SICN-29,Tres Hermanas 220 kV,Marcona 220 kV,31.1,0.0617,0.505,220,0
LNE-229,SICN-29,SICN329,Marcona 220 kV,El Hierro 220 kV,9.21,0.0314,0.5403,220,0
LNE-328,SICN029,SICN429,Poroma 220 kV,Mina Justa 220 kV,14.012,0.0645,0.497,220,0
LNE-329,SICN529,SICN029,Flamenco 220 kV,Poroma 220 kV,0.675,0.0637,0.523,220,0
LNE-330,SICN615,SICN-29,San Juan de Marcona 220 kV,Marcona 220 kV,32.83,0.0665,0.4977,220,0
LNE-037,SICN-28,SICN-22,Mantaro 220 kV,Huancavelica 220 kV,66.47,0.0603,0.5048,220,0
LNE-038,SICN-22,SICN-26,Huancavelica 220 kV,Independencia 220 kV,180.78,0.0603,0.506,220,0
LNE-36A,SICN-28,SICN-22,Mantaro 220 kV,Huancavelica 220 kV,66.47,0.0603,0.5048,220,0
LNE-36C,SICN-22,SIEC-10,Huancavelica 220 kV,Caudalosa 220 kV,71.96,0.0603,0.506,220,0
LNE-36D,SIEC-10,SICN-26,Caudalosa 220 kV,Independencia 220 kV,108.9,0.0603,0.506,220,0
LEC-011,SICN-22,SIEC-12,Huancavelica 220 kV,Ayacucho Oeste 220 kV,93.35,0.053668,0.506829,220,0
LEC-012,SIEC-12,SIEC-05,Ayacucho Oeste 220 kV,Mollepata 220 kV,10.27,0.053668,0.506829,220,0
LNE-041,SICN-28,SICN-24,Mantaro 220 kV,Huayucachi 220 kV,76.59,0.0556,0.5,220,0
LNE-132,SICN-24,SICN111,Huayucachi 220 kV,Orcotuna 220 kV,26.135,0.057811,0.501717,220,0
LNE-572,SICN111,SICN607,Orcotuna 220 kV,San Mateo 220 kV,120.835,0.057881,0.500371,220,0
LNE-573,SICN607,SICN102,San Mateo 220 kV,Huanza 220 kV,33.16,0.0579,0.5,220,0
LNE-114,SICN102,SICN158,Huanza 220 kV,Carabayllo 220 kV,73.654,0.0579,0.5,220,0
LNE-034,SICN-28,SICN-43,Mantaro 220 kV,Pomacocha 220 kV,192.22,0.0603,0.5048,220,0
LNE-035,SICN-28,SICN-43,Mantaro 220 kV,Pomacocha 220 kV,192.22,0.0603,0.5048,220,0
LNE-553,SICN-28,SIEC-14,Mantaro 220 kV,Pucara 220 kV,63.57,0.0601,0.5024,220,0
LNE-554,SICN-28,SIEC-14,Mantaro 220 kV,Pucara 220 kV,63.52,0.0601,0.5024,220,0
LNE-555,SIEC-14,SICN-37,Pucara 220 kV,Pachachaca 220 kV,133.39,0.0601,0.5024,220,0
LNE-556,SIEC-14,SICN-37,Pucara 220 kV,Pachachaca 220 kV,133.34,0.0601,0.5024,220,0
LNE-557,SIEC-14,SICN606,Pucara 220 kV,Palian 220 kV,25.6,0.056807,0.501305,220,0
LNE-558,SICN606,SICN111,Palian 220 kV,Orcotuna 220 kV,22.47,0.056807,0.501305,220,0
LNE-025,SICN-43,SICN-48,Pomacocha 220 kV,San Juan 220 kV,113.08,0.060242,0.501833,220,0
LNE-026,SICN-43,SICN-48,Pomacocha 220 kV,San Juan 220 kV,113.08,0.060242,0.501833,220,0
LNE-027,SICN-43,SICN-37,Pomacocha 220 kV,Pachachaca 220 kV,13.46,0.0558,0.5033,220,0
LNE-028,SICN-37,SICN506,Pachachaca 220 kV,Callahuanca REP 220 kV,72.64,0.0563,0.4888,220,0
LNE-029,SICN-37,SICN506,Pachachaca 220 kV,Callahuanca REP 220 kV,72.64,0.0563,0.4888,220,0
LNE-230,SICN506,SICN-06,Callahuanca REP 220 kV,Callahuanca 220 kV,0.58,0.075,0.5,220,0
LNE-030,SICN-30,SICN-06,Matucana 220 kV,Callahuanca 220 kV,22.5,0.075,0.501,220,0
LNE-a31,SICN-06,SICN046,Callahuanca 220 kV,Carapongo 220 kV,31,0.0736,0.4969,220,0
LNE-a33,SICN-06,SICN046,Callahuanca 220 kV,Carapongo 220 kV,31,0.0736,0.4969,220,0
LNE-b31,SICN046,SICN-46,Carapongo 220 kV,Cajamarquilla 220 kV,5.4,0.0736,0.4969,220,0
LNE-b33,SICN046,SICN-46,Carapongo 220 kV,Cajamarquilla 220 kV,5.4,0.0736,0.4969,220,0
LNX-053,SICN046,SICN-46,Carapongo 220 kV,Cajamarquilla 220 kV,4,0.07355,0.49686,220,0
LNE-032,SICN-46,SICN-13,Cajamarquilla 220 kV,Chavarria 220 kV,21.42,0.0736,0.4969,220,0
LNE-023,SICN-46,SICN-13,Cajamarquilla 220 kV,Chavarria 220 kV,21.42,0.0736,0.4969,220,0
LNX-175,SICN124,SICN046,Huinco 220 kV,Carapongo 220 kV,41,0.0736,0.5024,220,0
LNX-176,SICN124,SICN046,Huinco 220 kV,Carapongo 220 kV,41,0.0736,0.5024,220,0
LNXs075,SICN046,SICN610,Carapongo 220 kV,San Martín 220 kV,20.7,0.0736,0.5024,220,0
LNXs076,SICN046,SICN610,Carapongo 220 kV,San Martín 220 kV,20.7,0.0736,0.5024,220,0
LNE-149,SICN046,SICN146,Carapongo 220 kV,San Miguel 220 kV,7.55,0.0807,0.48,220,0
LNE-150,SICN046,SICN146,Carapongo 220 kV,San Miguel 220 kV,7.55,0.0807,0.48,220,0
LNX-180,SICN285,SICN-85,Chimay 220 kV,Yanango 220 kV,29.54,0.05,0.52,220,0
LNX-085,SICN-85,SICN-37,Yanango 220 kV,Pachachaca 220 kV,89.4,0.05,0.52,220,0
LNX-080,SICN-85,SICN185,Yanango 220 kV,Yanango Nueva 220 kV,14.62,0.0255,0.3852,220,0
LNE-209,SICN-43,SICN243,Pomacocha 220 kV,Toromocho 220 kV,9.26,0.0518,0.498,220,0
LNE-309,SICN-43,SICN243,Pomacocha 220 kV,Toromocho 220 kV,9.26,0.0518,0.498,220,0
LNE-109,SICN-43,SICN-09,Pomacocha 220 kV,Carhuamayo 220 kV,106,0.0645,0.5137,220,0
LNE-043,SICN-34,SICN-37,Oroya 220 kV,Pachachaca 220 kV,21.63,0.0527,0.5088,220,0
LNE-088,SICN-34,SICN-09,Oroya 220 kV,Carhuamayo 220 kV,75.5,0.0562,0.4995,220,0
LNE-070,SICN-61,SICN-09,Yuncan 220 kV,Carhuamayo 220 kV,53.2,0.055,0.5088,220,0
LNE-071,SICN-61,SICN-09,Yuncan 220 kV,Carhuamayo 220 kV,53.2,0.055,0.5088,220,0
LNE-089,SICN-39,SICN-09,Paragsha 220 kV,Carhuamayo 220 kV,42.2,0.0562,0.4995,220,0
LNX-028,SICN-39,SICN-09,Paragsha 220 kV,Carhuamayo 220 kV,43.32,0.0566,0.4987,220,0
LNX-029,SICN-39,SICN-09,Paragsha 220 kV,Carhuamayo 220 kV,43.32,0.0566,0.4987,220,0
LNX-104,SICN-39,SICN107,Paragsha 220 kV,Francoise 220 kV,50,0.0575,0.505,220,0
LNE-090,SICN-39,SICN-56,Paragsha 220 kV,Vizcarra 220 kV,123.9,0.0562,0.4995,220,0
LNX-a27,SICN-39,SICN614,Paragsha 220 kV,Ishcayucro 220 kV,49.936,0.0563,0.4948,220,0
LNX-b27,SICN614,SICN-80,Ishcayucro 220 kV,Conococha 220 kV,105.936,0.0563,0.4948,220,0
LNX-032,SICN-80,SICN-56,Conococha 220 kV,Vizcarra 220 kV,46.8,0.0575,0.505,220,0
LNX-118,SICN-56,SICN256,Vizcarra 220 kV,Huallanca Nueva 220 kV,1.38,0.0578,0.4979,220,0
LNX-018,SICN-56,SICN157,Vizcarra 220 kV,Antamina 220 kV,52.08,0.0564,0.5007,220,0
LNX-a19,SICN-56,SICN156,Vizcarra 220 kV,Yungas 220 kV,12.41,0.05759,0.511265,220,0
LNX-b19,SICN156,SICN157,Yungas 220 kV,Antamina 220 kV,41.61,0.0576,0.509098,220,0
LNX-119,SICN104,SICN212,Chaglla 220 kV,Huanuco 220 kV,70.284,0.048524,0.380997,220,0
LNX-219,SICN104,SICN212,Chaglla 220 kV,Huanuco 220 kV,70.284,0.048527,0.380988,220,0
LNX-120,SICN212,SICN-39,Huanuco 220 kV,Paragsha 220 kV,103.854,0.048554,0.380124,220,0
LNX-220,SICN212,SICN-39,Huanuco 220 kV,Paragsha 220 kV,103.854,0.048555,0.380118,220,0
LNE-a45,SICN-53,SICN212,Tingo Maria 220 kV,Huanuco 220 kV,81.86,0.057514,0.506381,220,0
LNE-b45,SICN212,SICN-56,Huanuco 220 kV,Vizcarra 220 kV,115.46,0.057509,0.505979,220,0
LNX-134,SICN212,SICN156,Huanuco 220 kV,Yungas 220 kV,110.31,0.039393,0.389529,220,0
LNXa121,SICN-53,SICN153,Tingo Maria 220 kV,Tingo Maria N 220 kV,2.93,0.037048,0.378473,220,0
LNXb121,SICN153,SICN104,Tingo Maria N 220 kV,Chaglla 220 kV,36.16,0.037048,0.378473,220,0
LNE-044,SICN-01,SICN-53,Aguaytia 220 kV,Tingo Maria 220 kV,73.27,0.0575,0.505,220,0
LNE-144,SICN-01,SICN153,Aguaytia 220 kV,Tingo Maria N 220 kV,68.3,0.063586,0.517632,220,0
LNX-142,SICN-01,SICN122,Aguaytia 220 kV,Pucallpa 220 kV,129.3,0.041392,0.384494,220,0
LNE-185,SICN228,SICN-28,Restitucion 220 kV,Mantaro 220 kV,1.62,0.0761,0.4928,220,0
LNE-285,SICN228,SICN-28,Restitucion 220 kV,Mantaro 220 kV,1.62,0.0761,0.4928,220,0
LNE-385,SICN228,SICN-28,Restitucion 220 kV,Mantaro 220 kV,1.62,0.0761,0.4928,220,0
LNE-220,SICN-28,SICN-04,Mantaro 220 kV,Colcabamba 220 kV,1,0.081448,15.925086,220,0
LNE-145,SICN-04,SICN128,Colcabamba 220 kV,CAguila 220 kV,19.4,0.04,0.3909,220,0
LNE-146,SICN-04,SICN128,Colcabamba 220 kV,CAguila 220 kV,19.4,0.0402,0.3905,220,0
LNEA085,SICN-28,SIEC-11,Mantaro 220 kV,Muyurina 220 kV,103.05,0.0422,0.3902,220,0
LNEA086,SICN-28,SIEC-11,Mantaro 220 kV,Muyurina 220 kV,103.05,0.0422,0.3902,220,0
LNEB085,SIEC-11,SICN-74,Muyurina 220 kV,Cotaruse 220 kV,195.05,0.0422,0.3902,220,0
LNEB086,SIEC-11,SICN-74,Muyurina 220 kV,Cotaruse 220 kV,195.05,0.0422,0.3902,220,0
LNX-105,SIEC-11,SIEC-12,Muyurina 220 kV,Ayacucho Oeste 220 kV,10.15,0.0407,0.3813,220,0
LNE-552,SIEC-05,SIEC-11,Mollepata 220 kV,Muyurina 220 kV,4.98,0.064348,0.505742,220,0
LNEA096,SICN-74,SIS-74,Cotaruse 220 kV,Palca 220 kV,285,0.0421,0.114019,220,0
LNEA097,SICN-74,SIS-74,Cotaruse 220 kV,Palca 220 kV,285,0.0421,0.114019,220,0
LNEB096,SIS-74,SIS-24,Palca 220 kV,Socabaya 220 kV,30,0.0421,0.3902,220,0
LNEB097,SIS-74,SIS-24,Palca 220 kV,Socabaya 220 kV,30,0.0421,0.3902,220,0
LNX-092,SIS-74,SIS-75,Palca 220 kV,La Pascana 220 kV,16.71,0.0745,0.506361,220,0
LNX-093,SIS-74,SIS-75,Palca 220 kV,La Pascana 220 kV,16.71,0.0745,0.506361,220,0
LNX-070,SIS-13,SIS-24,Cerro Verde 220 kV,Socabaya 220 kV,9.7,0.068,0.48,220,0
LNX-071,SIS-13,SIS-24,Cerro Verde 220 kV,Socabaya 220 kV,9.7,0.068,0.48,220,0
LNX-065,SIS-24,SIS148,Socabaya 220 kV,Yarabamba 220 kV,3.45,0.0349,0.2846,220,0
LNX-066,SIS-24,SIS148,Socabaya 220 kV,Yarabamba 220 kV,3.45,0.0349,0.2846,220,0
LNX-068,SIS-52,SIS-32,San Jose 220 kV,San Luis CV 220 kV,28.48,0.0706,0.5051,220,0
LNX-067,SIS-52,SIS-32,San Jose 220 kV,San Luis CV 220 kV,28.48,0.0706,0.5051,220,0
LNX-367,SIS-32,SIS132,San Luis CV 220 kV,San_Carlos 220 kV,2.42,0.0639,0.5045,220,0
LNX-368,SIS-32,SIS132,San Luis CV 220 kV,San_Carlos 220 kV,2.42,0.0639,0.5045,220,0
LNX-250,SIS-52,SIS154,San Jose 220 kV,Hub San Jose 220 kV,3.92,0.052372,0.370382,220,0
LNX-251,SIS-52,SIS154,San Jose 220 kV,Hub San Jose 220 kV,3.92,0.052372,0.370382,220,0
LNX-050,SIS154,SIS-133,Hub San Jose 220 kV,Reparticion 220 kV,17.4,0.074419,0.500885,220,0
LNX-051,SIS154,SIS-133,Hub San Jose 220 kV,Reparticion 220 kV,17.4,0.074419,0.500885,220,0
LNX-167,SIS252,SIS352,Lluta 220 kV,Lluclla 220 kV,40,0.043,0.3556,220,0
LNX-168,SIS252,SIS352,Lluta 220 kV,Lluclla 220 kV,40,0.043,0.3556,220,0
LNX-267,SIS352,SIS-52,Lluclla 220 kV,San Jose 220 kV,96.7,0.043,0.3556,220,0
LNX-268,SIS352,SIS-52,Lluclla 220 kV,San Jose 220 kV,96.7,0.043,0.3556,220,0
LSE-025,SIS-24,SIS-18,Socabaya 220 kV,Moquegua 220 kV,106.74,0.0662,0.4909,220,0
LSE-026,SIS-24,SIS-18,Socabaya 220 kV,Moquegua 220 kV,106.74,0.0662,0.4909,220,0
LSE-061,SIS-34,SIS-18,Ilo2 220 kV,Moquegua 220 kV,72.45,0.072,0.3895,220,0
LSE-062,SIS-34,SIS-18,Ilo2 220 kV,Moquegua 220 kV,72.45,0.072,0.3895,220,0
LSE-063,SIS-18,SIS-57,Moquegua 220 kV,Tia Maria 220 kV,84.52,0.0754,0.4878,220,0
LSE-064,SIS-18,SIS-57,Moquegua 220 kV,Tia Maria 220 kV,84.52,0.0754,0.4878,220,1
LSE-a64,SIS-18,SIS-54,Moquegua 220 kV,Ilo3 220 kV,53.98,0.0754,0.4878,220,0
LSE-b64,SIS-54,SIS-57,Ilo3 220 kV,Tia Maria 220 kV,102.08,0.0754,0.4878,220,0
LSE-038,SIS-18,SIS-26,Moquegua 220 kV,Los Heroes 220 kV,124.33,0.0619,0.4981,220,0
LSEa038,SIS-18,SIS-35,Moquegua 220 kV,Montalvo 220 kV,5.55,0.0183,0.2875,220,1
LSEb038,SIS-35,SIS-26,Montalvo 220 kV,Los Heroes 220 kV,129.1,0.0619,0.4981,220,1
LSE-128,SIS135,SIS-35,Rubi 220 kV,Montalvo 220 kV,21.55,0.0816,0.5128,220,0
LSE-028,SIS-18,SIS-35,Moquegua 220 kV,Montalvo 220 kV,5,0.025,0.342,220,0
LSE-058,SIS-35,SIS-26,Montalvo 220 kV,Los Heroes 220 kV,128.78,0.0619,0.507,220,0
LNE-535,SIS-26,SIS-86,Los Heroes 220 kV,La Garita 220 kV,31.07,0.0739,0.4953,220,0
LNE-571,SIS-26,SIS-86,Los Heroes 220 kV,La Garita 220 kV,31.07,0.0739,0.4953,220,0
LSE-037,SIS-18,SIS-67,Moquegua 220 kV,Chilota 220 kV,97.2115,0.0467,0.4975,220,0
LSE-073,SIS-67,SIS-20,Chilota 220 kV,Puno 220 kV,99.5585,0.0467,0.4975,220,0
PPT-096,SIS-49,SIS-50,Azangaro 220 kV,Juliaca 220 kV,77.5,0.0524,0.3903,220,0
PPT-098,SIS-50,SIS-20,Juliaca 220 kV,Puno 220 kV,33.11,0.0524,0.3903,220,0
PPT-097,SIS-42,SIS-49,Tintaya 220 kV,Azangaro 220 kV,128.68,0.0469,0.3874,220,0
PPT-063,SIS-66,SIS-49,San Gaban 220 kV,Azangaro 220 kV,182,0.033584,0.3849,220,0
LSE-200,SIS-66,SIS-89,San Gaban 220 kV,Nueva San Gaban 220 kV,14,0.0525,0.389,220,0
LSE-201,SIS-42,SIS-89,Tintaya 220 kV,Nueva San Gaban 220 kV,208,0.0417,0.388,220,0
LSE-044,SIS-42,SIS-24,Tintaya 220 kV,Socabaya 220 kV,201.43,0.0576,0.5058,220,0
LSE-b44,SIS-42,SIS-24,Tintaya 220 kV,Socabaya 220 kV,201.4251,0.0583,0.5045,220,0
LSE-055,SIS-42,SIS-64,Tintaya 220 kV,Constancia 220 kV,69.167,0.0579,0.5082,220,0
LSE-077,SIS-42,SIS-84,Tintaya 220 kV,Antapacay 220 kV,11.628,0.0825,0.5081,220,0
LSE-078,SIS-42,SIS-84,Tintaya 220 kV,Antapacay 220 kV,11.628,0.0823,0.5087,220,0
LSE-065,SICN-74,SIS-65,Cotaruse 220 kV,Las Bambas 220 kV,131.69,0.0637,0.4925,220,0
LSE-066,SICN-74,SIS-65,Cotaruse 220 kV,Las Bambas 220 kV,131.69,0.0637,0.4925,220,0
LSE-149,SIS-44,SIS-71,Suriray 220 kV,Santa Teresa 220 kV,1.5,0.0474,0.4843,220,0
LSE-249,SIS-44,SIS-72,Suriray 220 kV,Quillabamba 220 kV,37,0.04745,0.48433,220,0
LSE-049,SIS-44,SIS-45,Suriray 220 kV,Kayra 220 kV,147.7,0.0431,0.3728,220,0
LSE-050,SIS-45,SIS-43,Kayra 220 kV,Onocora 220 kV,106,0.0428,0.3732,220,0
LSE-051,SIS-43,SIS-42,Onocora 220 kV,Tintaya 220 kV,69.7,0.043,0.3692,220,0
LSE-052,SIS-43,SIS-42,Onocora 220 kV,Tintaya 220 kV,69.7,0.043,0.3692,220,0
LSE-046,SIS-44,SIS-36,Suriray 220 kV,Abancay 220 kV,58.1,0.0498,0.5096,220,0
LSE-047,SIS-36,SICN-74,Abancay 220 kV,Cotaruse 220 kV,130,0.0498,0.5096,220,0
LSE-048,SIS-44,SICN-74,Suriray 220 kV,Cotaruse 220 kV,188.4,0.0498,0.5096,220,0
LSE-203,SIS-90,SIS-89,Nuevo Puerto Maldonado 220 kV,Nueva San Gaban 220 kV,213,0.0783,0.5262,220,0
LSE-208,SIS-90,SIS-89,Nuevo Puerto Maldonado 220 kV,Nueva San Gaban 220 kV,213,0.0791,0.5268,220,0
TNE-026,SICN-11,SICN-87,Carhuaquero 220 kV,Carhuaquero 138 kV,1,1.535211,63.336997,220,0
TNE-019,SICN-79,SICN179,Kiman Ayllu 220 kV,Kiman Ayllu 138 kV,1,0.828124,60.654067,220,0
TNE-035,SICN163,SICN164,Huaylas 220 kV,Huaylas 138 kV,1,0.904298,50.652612,220,0
TNE-A13,SICN-15,SICN-63,Chimbote 220 kV,Chimbote 138 kV,1,0.847,42.865967,220,0
TNE-B13,SICN-15,SICN-63,Chimbote 220 kV,Chimbote 138 kV,1,0.850025,43.997071,220,0
TNC-001,SICN-41,SICN-70,Paramonga 220 kV,SEPANU 138 kV,1,2.859472,113.123062,220,0
TNE-A51,SICN114,SIED-08,Lomera 220 kV,Lomera 60 kV,1,15.830091,99.419611,220,0
TNE-B51,SICN114,SIED-08,Lomera 220 kV,Lomera 60 kV,1,15.830091,99.419611,220,0
TNE-052,SICN-58,SIED-06,Zapallal 220 kV,Huarangal 60 kV,1,0.686892,29.594007,220,0
TNE-A53,SICN055,SIED-04,Chillon 220 kV,Chillon 60 kV,1,0.567326,29.787487,220,0
TNE-B53,SICN055,SIED-04,Chillon 220 kV,Chillon 60 kV,1,0.565974,29.787512,220,0
TNE-A54,SICN-13,SIED-01,Chavarria 220 kV,Chavarria 60 kV,1,0.916373,45.890185,220,0
TNE-B54,SICN-13,SIED-01,Chavarria 220 kV,Chavarria 60 kV,1,0.457111,28.794372,220,0
TNE-C54,SICN-13,SIED-01,Chavarria 220 kV,Chavarria 60 kV,1,2.344637,66.864787,220,0
TNE-D54,SICN-13,SIED-01,Chavarria 220 kV,Chavarria 60 kV,1,0.457111,33.661787,220,0
TNE-A01,SICN013,SIED-10,Barsi 220 kV,Barsi 60 kV,1,0.457111,27.691784,220,0
TNE-B01,SICN013,SIED-10,Barsi 220 kV,Barsi 60 kV,1,0.457111,27.691784,220,0
TNE-C01,SICN013,SIED-10,Barsi 220 kV,Barsi 60 kV,1,2.344637,66.864787,220,0
TNE-055,SICN-68,SICN-05,Mirador 220 kV,Mirador 60 kV,1,1.492333,46.762862,220,0
TNE-050,SICN-68,SICN-05,Mirador 220 kV,Mirador 60 kV,1,0.223421,33.664149,220,0
TNE-010,SICN068,SIED-09,Malvinas 220 kV,Mirones 60 kV,1,0.585237,29.14168,220,0
TNE-011,SICN068,SIED-09,Malvinas 220 kV,Mirones 60 kV,1,0.585237,29.14168,220,0
TNE-A03,SICN-49,SICN-50,Santa Rosa 220 kV,Santa Rosa LDS 60 kV,1,1.087319,43.949884,220,0
TNE-B03,SICN-49,SICN-50,Santa Rosa 220 kV,Santa Rosa LDS 60 kV,1,0.993208,45.606188,220,0
TNE-C35,SICN610,SICN150,San Martín 220 kV,Santa Rosa EDN 60 kV,1,0.683919,29.551043,220,0
TNE-D35,SICN610,SICN150,San Martín 220 kV,Santa Rosa EDN 60 kV,1,1.492333,46.318965,220,0
TNE-A04,SICN-02,SICN-03,Balnearios 220 kV,Balnearios 60 kV,1,1.492333,47.045337,220,0
TNE-B04,SICN-02,SICN-03,Balnearios 220 kV,Balnearios 60 kV,1,0.418972,30.345859,220,0
TNE-C04,SICN-02,SICN-03,Balnearios 220 kV,Balnearios 60 kV,1,0.534986,30.344772,220,0
TNE-D04,SICN-02,SICN-03,Balnearios 220 kV,Balnearios 60 kV,1,1.492333,46.883922,220,0
TNE-A67,SICN-48,SILS-09,San Juan 220 kV,San Juan 60 kV,1,0.695884,30.860598,220,0
TNE-B67,SICN-48,SILS-09,San Juan 220 kV,San Juan 60 kV,1,0.662193,31.762319,220,0
TNE-068,SICN148,SILS-10,Pachacutec 220 kV,Pachacutec 60 kV,1,1.613333,23.09505,220,0
TNX-003,SICN-76,SICN-44,Industriales 220 kV,Puente 60 kV,1,0.564252,25.428445,220,0
TNX-002,SICN184,SICN284,Manchay 220 kV,Manchay 60 kV,1,1.094378,44.393514,220,0
TNX-001,SICN146,SICN246,San Miguel 220 kV,San Miguel 60 kV,1,0.410056,25.245338,220,0
TNE-056,SICN-69,SILS-01,Chilca REP 220 kV,Chilca 60 kV,1,1.196892,45.964418,220,0
TNE-057,SICN117,SILS-03,Alto Praderas 220 kV,Praderas 60 kV,1,0.388632,25.34652,220,0
TNE-058,SICN172,SILS-04,Asia 220 kV,Bujama 60 kV,1,2.3855,67.376137,220,0
TNE-A59,SICN-26,SILS-05,Independencia 220 kV,Independencia 60 kV,1,3.872,90.23136,220,0
TNE-B59,SICN-26,SILS-05,Independencia 220 kV,Independencia 60 kV,1,3.872,91.587792,220,0
TNE-060,SICN115,SILS-06,Chincha 220 kV,Pueblo Nuevo 60 kV,1,1.305237,48.422746,220,0
TNE-A61,SICN-29,SILS-07,Marcona 220 kV,Marcona 60 kV,1,2.219947,94.83802,220,0
TNE-B61,SICN-29,SILS-07,Marcona 220 kV,Marcona 60 kV,1,1.816398,92.845703,220,0
TNE-062,SICN116,SILS-08,Nazca 220 kV,Nazca 60 kV,1,3.151579,113.131442,220,0
TNE-162,SILS-20,SILS-21,El Angel 220 kV,El Angel 60 kV,1,0,50.416667,220,0
TNE-002,SICN-06,SICN-07,Callahuanca 220 kV,Callahuanca 60 kV,1,1.266104,67.178659,220,0
TEC-001,SICN-28,SIEC-01,Mantaro 220 kV,Cobriza 69 kV,1,3.40736,120.177306,220,0
TEC-002,SIEC-05,SIEC-04,Mollepata 220 kV,Mollepata 69 kV,1,3.82147,106.217674,220,0
TEC-011,SICN-22,SICN322,Huancavelica 220 kV,Huancavelica 60 kV,1,6.722222,205.59013,220,0
TEC-012,SIEC-10,SIEC310,Caudalosa 220 kV,Chiribamba 60 kV,1,12.024637,294.710084,220,0
TEC-A03,SICN-24,SIEC-06,Huayucachi 220 kV,Huayucachi 60 kV,1,5.16912,191.594275,220,0
TEC-B03,SICN-24,SIEC-06,Huayucachi 220 kV,Huayucachi 60 kV,1,6.660916,198.32818,220,0
TEC-004,SICN111,SIEC-09,Orcotuna 220 kV,Orcotuna 60 kV,1,3.155487,106.433234,220,0
TEC-003,SIEC-12,SIEC-13,Ayacucho Oeste 220 kV,Ayacucho Oeste 69 kV,1,3.82147,106.217674,220,0
TNE-604,SICN607,SICN608,San Mateo 220 kV,San Mateo 50 kV,1,2.38128,119.717919,220,0
TNE-605,SICN606,SICN609,Palian 220 kV,Palian 60 kV,1,0.336111,50.415546,220,0
TNE-006,SICN-34,SICN-35,Oroya 220 kV,Oroya 50 kV,1,1.02608,60.249262,220,0
TNE-020,SICN-09,SICN-08,Carhuamayo 220 kV,Carhuamayo 138 kV,1,0.849689,58.396487,220,0
TNE-012,SICN-61,SICN-57,Yuncan 220 kV,Yuncan 138 kV,1,0.644661,44.92671,220,0
TNE-017,SICN-39,SICN-38,Paragsha 220 kV,Paragsha 138 kV,1,0.803306,64.72195,220,0
TNE-046,SICN212,SICN121,Huanuco 220 kV,Huanuco Nueva 138 kV,1,0.350673,60.063376,220,0
TNE-A05,SICN-53,SICN-52,Tingo Maria 220 kV,Tingo Maria 138 kV,1,3.40736,140.80278,220,0
TNE-B05,SICN-53,SICN-52,Tingo Maria 220 kV,Tingo Maria 138 kV,1,2.641614,133.945156,220,0
TNE-A16,SICN-01,SICN-97,Aguaytia 220 kV,Aguaytia (neutro) kV,1,0.04719,103.417762,220,0
TNE-B16,SICN-01,SICN-97,Aguaytia 220 kV,Aguaytia (neutro) kV,1,0.968,103.659226,220,0
TNE-A27,SICN-59,SICN-97,Aguaytia 138 kV,Aguaytia (neutro) kV,1,1.050753,1.855853,138,0
TNE-B27,SICN-59,SICN-97,Aguaytia 138 kV,Aguaytia (neutro) kV,1,0.38088,1.833506,138,0
TNE-A28,SICN-90,SICN-97,Aguaytia 22.9 kV,Aguaytia (neutro) kV,1,0.097855,2.294621,22.9,0
TNE-B28,SICN-90,SICN-97,Aguaytia 22.9 kV,Aguaytia (neutro) kV,1,0.048115,2.30469,22.9,0
TNE-044,SICN122,SICN-60,Pucallpa 220 kV,Pucallpa 138 kV,1,0.904298,50.652612,220,0
TNE-034,SICN110,SICN195,Moyobamba 220 kV,Belaunde Terry 138 kV,1,0,48.496802,220,0
TNE-069,SICN143,SICN294,Tarapoto 220 kV,Tarapoto Norte 138 kV,1,0,40.414002,220,0
TNE-070,SICN-101,SICN-102,Bagua 220 kV,Jaen Norte 60 kV,1,1.075556,53.229134,220,0
TSE-A03,SIS-24,SIS-23,Socabaya 220 kV,Socabaya 138 kV,1,0.591556,30.421717,220,0
TSE-B03,SIS-24,SIS-23,Socabaya 220 kV,Socabaya 138 kV,1,0.591556,30.421717,220,0
TSE-A02,SIS-18,SIS-17,Moquegua 220 kV,Moquegua 138 kV,1,0.198498,21.843631,220,0
TSE-B02,SIS-18,SIS-17,Moquegua 220 kV,Moquegua 138 kV,1,0.197476,21.875909,220,0
TSE-005,SIS-26,SIS-27,Los Heroes 220 kV,Tacna 66 kV,1,4.088832,148.628565,220,0
TSE-006,SIS-26,SIS-27,Los Heroes 220 kV,Tacna 66 kV,1,2.566007,121.860317,220,0
TNE-602,SIS-86,SIS-87,La Garita 220 kV,La Garita 60 kV,1,0.05,3.998687,60,0
TSE-A35,SIS-54,SIS-55,Ilo3 220 kV,Ilo3 138 kV,1,0.407286,24.220776,220,0
TSE-B35,SIS-54,SIS-55,Ilo3 220 kV,Ilo3 138 kV,1,0.407286,24.220776,220,0
TSE-007,SIS-75,SIS-76,La Pascana 220 kV,La Pascana 138 kV,1,0.904298,50.652612,220,0
TSE-004,SIS-20,SIS-19,Puno 220 kV,Puno 138 kV,1,0.803306,49.119433,220,0
TSE-034,SIS-50,SIS-70,Juliaca 220 kV,San Roman 138 kV,1,0.636922,40.231493,220,0
TSE-033,SIS-49,SIS-69,Azangaro 220 kV,Pumiri 138 kV,1,0.641461,40.328232,220,0
TSE-050,SIS-133,SIS-33,Reparticion 220 kV,Reparticion 138 kV,1,0.904298,50.652612,220,0
TSE-030,SIS-42,SIS-28,Tintaya 220 kV,Tintaya 138 kV,1,0.758912,35.304484,220,0
TSE-032,SIS-45,SIS-53,Kayra 220 kV,Kayra 138 kV,1,0.592093,56.947587,220,0
TNE-021,SIS-44,SIS-47,Suriray 220 kV,Suriray 138 kV,1,0.473732,27.060596,220,0
TSE-031,SIS-36,SIS-46,Abancay 220 kV,Abancay 138 kV,1,0.904298,50.652612,220,0
TSE-111,SIS-89,SIS-88,Nueva San Gaban 220 kV,Nueva San Gaban 138 kV,1,0,57.055061,220,0
TNE-609,SIS-90,SIS-92,Nuevo Puerto Maldonado 220 kV,Nuevo Puerto Maldonado 138 kV,1,0,57.055061,220,0
LNE-398,SICN-106,SICN-107,Espina Colorada 138 kV,Pizarras 138 kV,14.73,0.157,0.557,138,0
LNE-198,SICN-87,SICN-106,Carhuaquero 138 kV,Espina Colorada 138 kV,25.6,0.1432,0.5098,138,0
LNEA298,SICN-106,SICN-105,Espina Colorada 138 kV,Duna 138 kV,14.1,0.1431,0.5098,138,0
LNEB298,SICN-105,SICN-88,Duna 138 kV,Cutervo 138 kV,23.7,0.1431,0.5098,138,0
LNE-099,SICN-88,SICN-89,Cutervo 138 kV,Jaen 138 kV,90.2,0.139,0.489,138,0
LNE-082,SICN-63,SICN-62,Chimbote 138 kV,Huallanca 138 kV,83.97,0.1214,0.48,138,0
LNE-083,SICN-63,SICN-62,Chimbote 138 kV,Huallanca 138 kV,83.97,0.1213,0.48,138,0
LNE-084,SICN-63,SICN-62,Chimbote 138 kV,Huallanca 138 kV,83.97,0.1206,0.48,138,0
LNE-134,SICN-62,SICN179,Huallanca 138 kV,Kiman Ayllu 138 kV,6.9,0.1576,0.4678,138,0
LNX-165,SICN-62,SICN162,Huallanca 138 kV,Huaraz Oeste 138 kV,86.19,0.0904,0.489,138,0
LNX-166,SICN162,SICN164,Huaraz Oeste 138 kV,Huaylas 138 kV,17.27,0.131,0.507,138,0
LNC-001,SICN-71,SICN-70,SEPAEX 138 kV,SEPANU 138 kV,9.43,0.2636,0.52,138,0
LNE-100,SICN-57,SICN-96,Yuncan 138 kV,Yaupi 138 kV,14.03,0.0992,0.4906,138,0
LNE-067,SICN-08,SICN-12,Carhuamayo 138 kV,Caripa 138 kV,53.49,0.1574,0.4886,138,0
LNE-068,SICN-12,SICN-33,Caripa 138 kV,Oroya 138 kV,20.47,0.1574,0.4886,138,0
LNE-092,SICN-12,SICN-66,Caripa 138 kV,Condorcocha 138 kV,12,0.1445,0.4886,138,0
LNX-160,SICN196,SICN-12,La Virgen 138 kV,Caripa 138 kV,62.5,0.0694,0.4936,138,0
LNX-161,SICN385,SICN196,Campas 138 kV,La Virgen 138 kV,10.63,0.0694,0.4936,138,0
LNE-543,SICN385,SICN603,Campas 138 kV,Yurinaki 138 kV,46.7,0.1436,0.4864,138,0
LNE-544,SICN385,SICN603,Campas 138 kV,Yurinaki 138 kV,46.7,0.1436,0.4864,138,0
LNE-066,SICN-08,SICN-38,Carhuamayo 138 kV,Paragsha 138 kV,61.14,0.16158,0.49755,138,0
LNE-069,SICN-38,SICN125,Paragsha 138 kV,Amarilis 138 kV,92.68,0.138,0.508,138,0
LNE-a69,SICN-38,SICN-23,Paragsha 138 kV,Huanuco 138 kV,87.81,0.137088,0.50527,138,1
LNE-b69,SICN-23,SICN125,Huanuco 138 kV,Amarilis 138 kV,6.6,0.12605,0.472343,138,1
LNE-a64,SICN126,SICN-52,Piedra Blanca 138 kV,Tingo Maria 138 kV,27.84,0.1656,0.5034,138,0
LNE-c64,SICN125,SICN126,Amarilis 138 kV,Piedra Blanca 138 kV,56.06,0.1656,0.5034,138,0
LNE-d64,SICN125,SICN-23,Amarilis 138 kV,Huanuco 138 kV,6.15,0.164687,0.478178,138,0
LNE-087,SICN125,SICN121,Amarilis 138 kV,Huanuco Nueva 138 kV,0.19,0.071279,0.521452,138,0
LNE-187,SICN125,SICN121,Amarilis 138 kV,Huanuco Nueva 138 kV,2.3,0.0704,0.517,138,1
LNE-101,SICN-52,SICN-91,Tingo Maria 138 kV,Aucayacu 138 kV,44.2,0.1389,0.5183,138,0
LNE-102,SICN-91,SICN-92,Aucayacu 138 kV,Tocache 138 kV,107.76,0.1348,0.51,138,0
LNE-203,SICN314,SICN-93,Juanjui 138 kV,Bellavista 138 kV,25,0.139,0.51,138,0
LNE-119,SICN-93,SICN194,Bellavista 138 kV,Picota 138 kV,34,0.139,0.51,138,0
LNEa191,SICN194,SICN294,Picota 138 kV,Tarapoto Norte 138 kV,53.2,0.143207,0.503341,138,0
LNEb191,SICN294,SICN-94,Tarapoto Norte 138 kV,Tarapoto 138 kV,22.4,0.143489,0.510929,138,0
LNEb105,SICN195,SICN-95,Belaunde Terry 138 kV,Moyobamba 138 kV,8.35,0.0998,0.5094,138,0
LNE-205,SICN294,SICN-94,Tarapoto Norte 138 kV,Tarapoto 138 kV,10.2,0.1423,0.4993,138,0
LNE-305,SICN195,SICN294,Belaunde Terry 138 kV,Tarapoto Norte 138 kV,91.2,0.1423,0.4993,138,1
LNE-541,SICN195,SICN602,Belaunde Terry 138 kV,Valle Grande 138 kV,32,0.1434,0.486,138,0
LNE-542,SICN195,SICN602,Belaunde Terry 138 kV,Valle Grande 138 kV,32,0.1436,0.4854,138,0
LNE-a94,SICN-59,SICN160,Aguaytia 138 kV,Campo Verde 138 kV,102.86,0.1116,0.4914,138,0
LNE-b94,SICN160,SICN-60,Campo Verde 138 kV,Pucallpa 138 kV,27.66,0.1116,0.4914,138,0
LNE-138,SICN-59,SICN-60,Aguaytia 138 kV,Pucallpa 138 kV,132.7,0.146,0.663,138,0
LSE-28A,SIS-17,SIS-06,Moquegua 138 kV,Botiflaca 138 kV,30.76,0.076,0.48,138,0
LSE-28B,SIS-17,SIS-06,Moquegua 138 kV,Botiflaca 138 kV,46.02,0.0724,0.4769,138,0
LSE-A29,SIS-17,SIS-73,Moquegua 138 kV,Intipampa 138 kV,10.76,0.1441,0.5337,138,0
LSE-B29,SIS-73,SIS-30,Intipampa 138 kV,Mill Site 138 kV,27.96,0.1441,0.5337,138,0
LSE-027,SIS-17,SIS-31,Moquegua 138 kV,Toquepala 138 kV,38.7,0.1441,0.5337,138,0
LSE-023,SIS-17,SIS-25,Moquegua 138 kV,SPCC 138 kV,56.61,0.0724,0.498,138,0
LSE-054,SIS-17,SIS-63,Moquegua 138 kV,Alto Zapata 138 kV,8.08,0.143167,0.464548,138,0
LSE-030,SIS-30,SIS-06,Mill Site 138 kV,Botiflaca 138 kV,32.04,0.122,0.491,138,0
LSE-024,SIS-31,SIS-30,Toquepala 138 kV,Mill Site 138 kV,0.3,0.1197,0.5057,138,0
LSE-072,SIS-30,SIS-68,Mill Site 138 kV,Plaza Toquepala 138 kV,1.92,0.0609,0.3765,138,0
LSE-079,SIS-30,SIS-68,Mill Site 138 kV,Plaza Toquepala 138 kV,3.03,0.100631,0.471757,138,0
LSE-A18,SIS-68,SIS-55,Plaza Toquepala 138 kV,Ilo3 138 kV,72.84,0.126136,0.490746,138,0
LSE-B18,SIS-55,SIS-07,Ilo3 138 kV,Ilo ELS 138 kV,26,0.1222,0.4902,138,0
LSE-074,SIS-68,SIS-55,Plaza Toquepala 138 kV,Ilo3 138 kV,65.3,0.0396,0.3612,138,0
LSE-019,SIS-07,SIS-25,Ilo ELS 138 kV,SPCC 138 kV,14.33,0.133727,0.507945,138,0
LSE-020,SIS-31,SIS-02,Toquepala 138 kV,Aricota 138 kV,35,0.12,0.506,138,0
LSE-057,SIS-19,SIS-59,Puno 138 kV,Totorani 138 kV,10.6,0.139,0.499,138,0
LSE-a17,SIS-14,SIS-70,Juliaca 138 kV,San Roman 138 kV,8.27,0.1083,0.4998,138,0
LSE-b17,SIS-70,SIS-19,San Roman 138 kV,Puno 138 kV,30.21,0.111,0.5023,138,0
LSE-071,SIS-05,SIS-69,Azangaro 138 kV,Pumiri 138 kV,3.1,0.0543,0.4595,138,0
LSE-a16,SIS-05,SIS-60,Azangaro 138 kV,Maravilla 138 kV,66.025,0.1366,0.5033,138,0
LSE-b16,SIS-60,SIS-14,Maravilla 138 kV,Juliaca 138 kV,12.025,0.1366,0.5033,138,0
LNX-193,SIS-79,SIS-60,Yocara 138 kV,Maravilla 138 kV,15.78,0.1113,0.4875,138,0
LNX-194,SIS-70,SIS-79,San Roman 138 kV,Yocara 138 kV,17.89,0.1113,0.4875,138,0
LNX-195,SIS-40,SIS-62,San Rafael 138 kV,Ananea 138 kV,104.7,0.11105,0.503514,138,0
LNX-196,SIS-40,SIS-62,San Rafael 138 kV,Ananea 138 kV,104.7,0.11105,0.503514,138,0
LSE-A39,SIS-05,SIS-40,Azangaro 138 kV,San Rafael 138 kV,85.61,0.111,0.5033,138,0
LSE-B39,SIS-40,SIS-37,San Rafael 138 kV,San Gaban 138 kV,75.46,0.111,0.5033,138,0
LSE-040,SIS-05,SIS-40,Azangaro 138 kV,San Rafael 138 kV,89.29,0.111,0.5033,138,0
LSE-A41,SIS-40,SIS-83,San Rafael 138 kV,Angel 138 kV,74.9,0.111,0.5033,138,0
LSE-B41,SIS-83,SIS-37,Angel 138 kV,San Gaban 138 kV,4.2,0.111,0.5033,138,0
LNE-565,SIS-37,SIS-88,San Gaban 138 kV,Nueva San Gaban 138 kV,2.5,0.2684,0.5473,138,0
LNE-566,SIS-37,SIS-88,San Gaban 138 kV,Nueva San Gaban 138 kV,2.5,0.2692,0.5479,138,0
LSE-042,SIS-37,SIS-38,San Gaban 138 kV,Mazuco 138 kV,68.85,0.18,0.49,138,0
LSE-076,SIS-39,SIS-80,Puerto Maldonado 138 kV,Iberia 138 kV,157.8,0.168621,0.414097,138,0
LSE-080,SIS-92,SIS-39,Nuevo Puerto Maldonado 138 kV,Puerto Maldonado 138 kV,10,0.1247,0.5218,138,0
LSE-081,SIS-92,SIS-39,Nuevo Puerto Maldonado 138 kV,Puerto Maldonado 138 kV,10,0.1247,0.5218,138,0
LSE-015,SIS-04,SIS-05,Ayaviri 138 kV,Azangaro 138 kV,42.4,0.1366,0.5033,138,0
LSE-014,SIS128,SIS-04,Tintaya 138 kV,Ayaviri 138 kV,82.5,0.136,0.5033,138,0
LSE-214,SIS-28,SIS128,Tintaya 138 kV,Tintaya 138 kV,3.2375,0.0583,0.474503,138,0
LSE-009,SIS128,SIS-11,Tintaya 138 kV,Combapata 138 kV,99.08,0.158,0.508,138,0
LSE-010,SIS-11,SIS-21,Combapata 138 kV,Quencoro 138 kV,87.5,0.158,0.5085,138,0
LSE-011,SIS-21,SIS-12,Quencoro 138 kV,Dolorespata 138 kV,8.34,0.146,0.5199,138,0
LSE-012,SIS-12,SIS-08,Dolorespata 138 kV,Cachimayo 138 kV,13.5,0.157,0.5012,138,0
LSE-053,SIS-21,SIS-58,Quencoro 138 kV,ParqueInd 138 kV,6.453,0.077017,0.207597,138,1
LSE-033,SIS-53,SIS-21,Kayra 138 kV,Quencoro 138 kV,14.3,0.023,0.3421,138,0
LSE-034,SIS-15,SIS-21,Machupicchu 138 kV,Quencoro 138 kV,99.34,0.146,0.5198,138,0
LSEa034,SIS-15,SIS-08,Machupicchu 138 kV,Cachimayo 138 kV,75.64,0.146,0.5198,138,1
LSEb034,SIS-08,SIS-21,Cachimayo 138 kV,Quencoro 138 kV,23.8,0.146,0.5198,138,1
LSE-035,SIS-15,SIS-08,Machupicchu 138 kV,Cachimayo 138 kV,78.55,0.157,0.5012,138,0
LSE-045,SIS-15,SIS-47,Machupicchu 138 kV,Suriray 138 kV,8,0.028,0.315,138,0
LSE-13a,SIS-08,SIS-46,Cachimayo 138 kV,Abancay 138 kV,90.74,0.137167,0.505569,138,0
LSE-13b,SIS-46,SIS-01,Abancay 138 kV,Tamburco 138 kV,14.33,0.1233,0.4984,138,0
LNX-191,SIS-46,SIS-78,Abancay 138 kV,Andahuaylas 138 kV,72.36,0.1233,0.4984,138,0
LNX-192,SIS-46,SIS-78,Abancay 138 kV,Andahuaylas 138 kV,72.36,0.1233,0.4984,138,0
LSE-008,SIS-09,SIS128,Callalli 138 kV,Tintaya 138 kV,90.4,0.112,0.5103,138,0
LSE-007,SIS-22,SIS-09,Santuario 138 kV,Callalli 138 kV,89.2,0.097,0.5103,138,0
LSE-004,SIS-23,SIS-22,Socabaya 138 kV,Santuario 138 kV,27.5,0.157,0.5278,138,0
LSE-005,SIS-23,SIS-22,Socabaya 138 kV,Santuario 138 kV,28.16,0.157,0.5278,138,0
LSE-A36,SIS-23,SIS-77,Socabaya 138 kV,Intermedia Norte 138 kV,19.31,0.133242,0.475076,138,0
LSE-B36,SIS-77,SIS-22,Intermedia Norte 138 kV,Santuario 138 kV,24.45,0.135676,0.472515,138,0
LNX-158,SIS-76,SIS-77,La Pascana 138 kV,Intermedia Norte 138 kV,13.03,0.125533,0.483975,138,0
LNX-159,SIS-76,SIS-77,La Pascana 138 kV,Intermedia Norte 138 kV,13.03,0.125533,0.483975,138,0
LSE-001,SIS-23,SIS-10,Socabaya 138 kV,Cerro Verde 138 kV,10.8,0.157,0.5278,138,0
LSE-002,SIS-23,SIS-10,Socabaya 138 kV,Cerro Verde 138 kV,10.8,0.157,0.5278,138,0
LSE-032,SIS-33,SIS-16,Reparticion 138 kV,Mollendo 138 kV,64,0.14,0.44,138,0
LNX-052,SIS-33,SIS-16,Reparticion 138 kV,Mollendo 138 kV,69.5,0.131321,0.506677,138,0
TNE-A07,SICN-33,SICN-35,Oroya 138 kV,Oroya 50 kV,1,2.356454,50.729299,138,0
TNE-B07,SICN-33,SICN-35,Oroya 138 kV,Oroya 50 kV,1,2.356454,50.729299,138,0
TNE-008,SICN-08,SICN-10,Carhuamayo 138 kV,Carhuamayo 50 kV,1,2.356454,33.561777,138,0
TSE-047,SICN185,SICN387,Yanango Nueva 220 kV,Campas 138 kV,1,0.922815,39.09631,220,0
TSE-035,SICN185,SICN385,Yanango Nueva 220 kV,Campas 138 kV,1,0.636922,40.231493,220,0
TNE-A09,SICN-38,SICN-40,Paragsha 138 kV,Paragsha 50 kV,1,1.095459,34.80608,138,0
TNE-B09,SICN-38,SICN-40,Paragsha 138 kV,Paragsha 50 kV,1,1.095459,34.80608,138,0
TNE-A18,SICN-60,SICN-64,Pucallpa 138 kV,Pucallpa 60 kV,1,1.163163,36.788475,138,0
TNE-B18,SICN-60,SICN-64,Pucallpa 138 kV,Pucallpa 60 kV,1,1.561293,36.929684,138,0
TNE-611,SICN-60,SICN-64,Pucallpa 138 kV,Pucallpa 60 kV,1,1.407428,40.463075,138,0
TSE-001,SIS-02,SIS-03,Aricota 138 kV,Aricota 66 kV,1,2.24296,24.719128,138,0
TSE-045,SIS-05,SIS-85,Azangaro 138 kV,Azangaro 60 kV,1,1.153351,45.670995,138,0
TSE-046,SIS-62,SIS-82,Ananea 138 kV,Ananea 60 kV,1,0.722847,38.08114,138,0
LNE-530,SICN-103,SICN-104,Nueva Jaen 60 kV,Jaen 60 kV,10,0.417,0.451,60,0
LNE-532,SICN-103,SICN-102,Nueva Jaen 60 kV,Jaen Norte 60 kV,6.5,0.167754,0.458769,60,0
LNE-533,SICN-102,SICN-100,Jaen Norte 60 kV,Bagua 138 kV,29,0.173037,0.63923,60,0
LNE-534,SICN-104,SICN-102,Jaen 60 kV,Jaen Norte 60 kV,8,0.16725,0.47888,60,0
LNE-072,SICN-40,SICN-16,Paragsha 50 kV,Excelsior 50 kV,1.22,0.171,0.418,50,0
LNE-073,SICN-16,SICN-10,Excelsior 50 kV,Carhuamayo 50 kV,41.048,0.117,0.469559,50,0
LNE-074,SICN-16,SICN-10,Excelsior 50 kV,Carhuamayo 50 kV,41.05,0.201942,0.452117,50,0
LNE-077,SICN-27,SICN-35,Malpaso 50 kV,Oroya 50 kV,18.84,0.170006,0.485267,50,0
LNE-078,SICN-36,SICN-27,Oroya CH 50 kV,Malpaso 50 kV,18.26,0.1699,0.4869,50,0
LNE-079,SICN-36,SICN-45,Oroya CH 50 kV,Pzinc 50 kV,3.969,0.171006,0.496991,50,0
LNE-080,SICN-35,SICN-45,Oroya 50 kV,Pzinc 50 kV,2.68,0.145,0.462,50,0
LNE-081,SICN-35,SICN-45,Oroya 50 kV,Pzinc 50 kV,2.47,0.145,0.462,50,0
LEC-001,SIEC-01,SIEC-02,Cobriza 69 kV,Machahuay 69 kV,58.85,0.12,0.469,69,0
LEC-002,SIEC-02,SIEC-03,Machahuay 69 kV,Huanta 69 kV,51.78,0.12,0.469,69,0
LEC-003,SIEC-03,SIEC-04,Huanta 69 kV,Mollepata 69 kV,1,2.8464,20.2658,69,0
LEC-006,SIEC-07,SIEC-08,Huancayo 60 kV,PIndustrial 60 kV,13.7,0.1206,0.4503,69,0
LNE-563,SICN609,SIEC-07,Palian 60 kV,Huancayo 60 kV,4.73,0.112708,0.443762,60,0
LNE-564,SICN609,SIEC-08,Palian 60 kV,PIndustrial 60 kV,11.46,0.104346,0.350532,60,0
LNE-048,SICN-07,SICN-21,Callahuanca 60 kV,Huampani 60 kV,23.5,0.172,0.486,60,0
LNE-049,SICN-21,SICN-32,Huampani 60 kV,Ñaña 60 kV,7.88,0.1226,0.4406,60,0
LNE-050,SICN-32,SICN-19,Ñaña 60 kV,Huachipa 60 kV,21.41,0.1329,0.4329,60,0
LNE-051,SICN-07,SICN-19,Callahuanca 60 kV,Huachipa 60 kV,40.8,0.155,0.4554,60,0
LNE-061,SICN-07,SICN-31,Callahuanca 60 kV,Moyopampa 60 kV,12.9,0.304,0.465,60,0
LNE-151,SICN-19,SICN019,Huachipa 60 kV,Planicie 60 kV,15,0.142655,0.236085,60,0
LNE-153,SICN284,SICN019,Manchay 60 kV,Planicie 60 kV,10.2,0.0242,0.2443,60,0
LNE-155,SICN-19,SICN246,Huachipa 60 kV,San Miguel 60 kV,15.99,0.0601,0.332,60,0
LNE-156,SICN-19,SICN246,Huachipa 60 kV,San Miguel 60 kV,15.99,0.0601,0.332,60,0
LNE-062,SICN-31,SICN150,Moyopampa 60 kV,Santa Rosa EDN 60 kV,43.877,0.118136,0.450958,60,0
LNE-063,SICN-31,SICN150,Moyopampa 60 kV,Santa Rosa EDN 60 kV,43.877,0.118136,0.452883,60,0
LNE-058,SICN-03,SICN-47,Balnearios 60 kV,Salamanca 60 kV,4.428,0.1167,0.4403,60,0
LNE-095,SICN-03,SICN-47,Balnearios 60 kV,Salamanca 60 kV,6.687,0.1323,0.4318,60,0
LNE-060,SICN-47,SICN-31,Salamanca 60 kV,Moyopampa 60 kV,45.378,0.1167,0.4403,60,0
LNE-b60,SICN-47,SICN-31,Salamanca 60 kV,Moyopampa 60 kV,44,0.1051,0.4388,60,0
LED-018,SICN-05,SICN150,Mirador 60 kV,Santa Rosa EDN 60 kV,37.184,0.085844,0.369352,60,0
LED-019,SICN-05,SICN150,Mirador 60 kV,Santa Rosa EDN 60 kV,23.104,0.084675,0.323104,60,0
LED-022,SIED-09,SIED-10,Mirones 60 kV,Barsi 60 kV,19.356,0.087833,0.341514,60,0
LED-023,SIED-09,SIED-10,Mirones 60 kV,Barsi 60 kV,16.596,0.087297,0.326028,60,0
LED-024,SIED-09,SIED-10,Mirones 60 kV,Barsi 60 kV,15.717,0.07092,0.303773,60,0
LED-001,SIED-01,SIED-02,Chavarria 60 kV,Naranjal 60 kV,4.023,0.1319,0.4355,60,0
LED-002,SIED-01,SIED-02,Chavarria 60 kV,Naranjal 60 kV,4.023,0.1319,0.4355,60,0
LED-003,SIED-02,SIED-04,Naranjal 60 kV,Chillon 60 kV,11.35,0.1139,0.3877,60,0
LED-004,SIED-02,SIED-04,Naranjal 60 kV,Chillon 60 kV,11.35,0.1139,0.3877,60,0
LED-005,SIED-01,SIED-03,Chavarria 60 kV,Oquendo 60 kV,6.227,0.1072,0.3735,60,0
LED-006,SIED-01,SIED-03,Chavarria 60 kV,Oquendo 60 kV,5.357,0.0976,0.3534,60,0
LED-007,SIED-03,SIED-04,Oquendo 60 kV,Chillon 60 kV,7.4804,0.124501,0.385102,60,0
LED-008,SIED-03,SIED-04,Oquendo 60 kV,Chillon 60 kV,7.466,0.1245,0.4113,60,0
LED-028,SIED-03,SIED-04,Oquendo 60 kV,Chillon 60 kV,7.7,0.0393,0.2537,60,0
LED-011,SIED-04,SIED-07,Chillon 60 kV,Zapallal 60 kV,12.7656,0.109081,0.354262,60,0
LED-012,SIED-04,SIED-07,Chillon 60 kV,Zapallal 60 kV,21.902,0.104731,0.41734,60,0
LED-013,SIED-06,SIED-05,Huarangal 60 kV,Puente Piedra 60 kV,9.72,0.1098,0.3784,60,0
LED-014,SIED-06,SIED-05,Huarangal 60 kV,Puente Piedra 60 kV,9.72,0.1098,0.3784,60,0
LED-015,SIED-05,SIED-07,Puente Piedra 60 kV,Zapallal 60 kV,6.152,0.1319,0.4277,60,0
LED-026,SIED-06,SIED-07,Huarangal 60 kV,Zapallal 60 kV,14.9,0.04136,0.2863,60,0
LED-027,SIED-06,SIED-07,Huarangal 60 kV,Zapallal 60 kV,12.52,0.039198,0.287726,60,0
LED-016,SIED-07,SIED-08,Zapallal 60 kV,Lomera 60 kV,55.09,0.243579,0.443684,60,0
LED-017,SIED-07,SIED-08,Zapallal 60 kV,Lomera 60 kV,61.604,0.281969,0.452751,60,0
LLS-001,SILS-01,SILS-02,Chilca 60 kV,San Bartolo 60 kV,16.724,0.3149,0.4652,60,0
LLS-002,SILS-01,SILS-02,Chilca 60 kV,San Bartolo 60 kV,16.091,0.3283,0.4643,60,0
LLS-005,SILS-01,SILS-04,Chilca 60 kV,Bujama 60 kV,29.7,0.3244,0.4668,60,0
LLS-009,SILS-05,SILS-21,Independencia 60 kV,El Angel 60 kV,24.9,0.277,0.468,60,0
LLS-010,SILS-05,SILS-21,Independencia 60 kV,El Angel 60 kV,24.9,0.277,0.468,60,0
LSE-021,SIS-03,SIS-29,Aricota 66 kV,Tomasiri 66 kV,58.3,0.2516,0.4596,66,0
LSE-022,SIS-29,SIS-27,Tomasiri 66 kV,Tacna 66 kV,29.3,0.139,0.4439,66,0
LNX-198,SIS-85,SIS-81,Azangaro 60 kV,Putina 60 kV,38,0.22,0.477,60,0